epoch,train_loss,val_loss
1.000000000000000000e+00,1.455901520517137282e+00,1.180745959281921387e+00
2.000000000000000000e+00,8.463405990600585405e-01,5.856320261955261230e-01
3.000000000000000000e+00,4.121623672379387537e-01,3.389776051044464111e-01
4.000000000000000000e+00,2.632133817672729359e-01,2.536063492298126221e-01
5.000000000000000000e+00,2.084510933690600920e-01,2.208977788686752319e-01
6.000000000000000000e+00,1.841757102807362878e-01,2.016702592372894287e-01
7.000000000000000000e+00,1.684486470619837306e-01,1.928758174180984497e-01
8.000000000000000000e+00,1.580603124035729334e-01,1.828535497188568115e-01
9.000000000000000000e+00,1.482609978649351290e-01,1.737855225801467896e-01
1.000000000000000000e+01,1.407201788160536149e-01,1.684924364089965820e-01
1.100000000000000000e+01,1.348776482211218875e-01,1.645566374063491821e-01
1.200000000000000000e+01,1.291966033644146306e-01,1.584648191928863525e-01
1.300000000000000000e+01,1.238930010133319493e-01,1.531795114278793335e-01
1.400000000000000000e+01,1.192785569694307102e-01,1.479150205850601196e-01
1.500000000000000000e+01,1.153946087757746347e-01,1.439964771270751953e-01
1.600000000000000000e+01,1.104639915625254265e-01,1.404856145381927490e-01
1.700000000000000000e+01,1.063687545392248412e-01,1.379037797451019287e-01
1.800000000000000000e+01,1.037176138162612948e-01,1.319845914840698242e-01
1.900000000000000000e+01,1.000962645477718738e-01,1.284061968326568604e-01
2.000000000000000000e+01,9.696113788419299939e-02,1.246157810091972351e-01
2.100000000000000000e+01,9.455343948470221194e-02,1.248089224100112915e-01
2.200000000000000000e+01,9.135009603367912068e-02,1.173435226082801819e-01
2.300000000000000000e+01,8.881160782443152379e-02,1.178630813956260681e-01
2.400000000000000000e+01,8.658130824565887784e-02,1.125457659363746643e-01
2.500000000000000000e+01,8.477166904343498566e-02,1.085163354873657227e-01
2.600000000000000000e+01,8.263213584820429392e-02,1.053133681416511536e-01
2.700000000000000000e+01,8.089666204320060394e-02,1.047041565179824829e-01
2.800000000000000000e+01,7.911327895190981008e-02,1.021233052015304565e-01
2.900000000000000000e+01,7.817663355006111703e-02,1.010644808411598206e-01
3.000000000000000000e+01,7.601050191455417659e-02,9.792432188987731934e-02
3.100000000000000000e+01,7.475523644023471248e-02,9.705489873886108398e-02
3.200000000000000000e+01,7.376482139031091678e-02,9.538897126913070679e-02
3.300000000000000000e+01,7.312783204846912133e-02,9.746155142784118652e-02
3.400000000000000000e+01,7.248193446132872308e-02,9.446367621421813965e-02
3.500000000000000000e+01,7.094800747103160998e-02,9.136556833982467651e-02
3.600000000000000000e+01,7.022503061427010085e-02,9.189603477716445923e-02
3.700000000000000000e+01,6.923581868410109974e-02,9.145890176296234131e-02
3.800000000000000000e+01,6.848190685113271503e-02,8.907897025346755981e-02
3.900000000000000000e+01,6.765605138407812524e-02,8.827614784240722656e-02
4.000000000000000000e+01,6.684609823756747227e-02,8.617600053548812866e-02
4.100000000000000000e+01,6.650035315089755650e-02,8.777319639921188354e-02
4.200000000000000000e+01,6.673374401198492456e-02,8.681775629520416260e-02
4.300000000000000000e+01,6.542841500706142455e-02,8.536925166845321655e-02
4.400000000000000000e+01,6.497139271762636392e-02,8.454410731792449951e-02
4.500000000000000000e+01,6.483241654104657248e-02,8.350834995508193970e-02
4.600000000000000000e+01,6.471747464603848365e-02,8.426409214735031128e-02
4.700000000000000000e+01,6.403747651312086120e-02,8.265838027000427246e-02
4.800000000000000000e+01,6.349849512179692179e-02,8.442695438861846924e-02
4.900000000000000000e+01,6.359350416395399830e-02,8.207416534423828125e-02
5.000000000000000000e+01,6.313820779323578436e-02,8.410466462373733521e-02
5.100000000000000000e+01,6.296774258216221443e-02,8.153431117534637451e-02
5.200000000000000000e+01,6.291538433896171068e-02,8.210512995719909668e-02
5.300000000000000000e+01,6.229474918709861087e-02,8.100064098834991455e-02
5.400000000000000000e+01,6.177965707249111899e-02,7.996311783790588379e-02
5.500000000000000000e+01,6.196781946553124587e-02,8.003783971071243286e-02
5.600000000000000000e+01,6.172829108105765128e-02,8.116952329874038696e-02
5.700000000000000000e+01,6.138819404774242122e-02,8.087051659822463989e-02
5.800000000000000000e+01,6.106788544191254359e-02,7.907065004110336304e-02
5.900000000000000000e+01,6.107750121090146922e-02,7.912328094244003296e-02
6.000000000000000000e+01,6.105059088932143080e-02,7.994817197322845459e-02
6.100000000000000000e+01,6.029776089721256005e-02,7.923704385757446289e-02
6.200000000000000000e+01,6.092942979600694114e-02,8.003124594688415527e-02
6.300000000000000000e+01,6.049912005662918396e-02,7.843483239412307739e-02
6.400000000000000000e+01,6.090582158830430692e-02,7.972732186317443848e-02
6.500000000000000000e+01,6.002827266852060750e-02,7.915910333395004272e-02
6.600000000000000000e+01,5.977913068400488722e-02,7.898098230361938477e-02
6.700000000000000000e+01,5.959961498777071459e-02,7.826112955808639526e-02
6.800000000000000000e+01,5.977896801299519003e-02,7.851486653089523315e-02
6.900000000000000000e+01,5.958440267377429489e-02,8.000189810991287231e-02
7.000000000000000000e+01,5.949456411931249716e-02,7.819914817810058594e-02
7.100000000000000000e+01,5.885297202401690991e-02,7.886599004268646240e-02
7.200000000000000000e+01,5.990814858012729477e-02,7.920067757368087769e-02
7.300000000000000000e+01,6.016595347060097604e-02,7.918080687522888184e-02
7.400000000000000000e+01,5.934385750028822043e-02,7.921662926673889160e-02
7.500000000000000000e+01,5.926718930403391400e-02,7.656360417604446411e-02
7.600000000000000000e+01,5.881205229295624615e-02,7.764030247926712036e-02
7.700000000000000000e+01,5.836103902922736009e-02,7.841302454471588135e-02
7.800000000000000000e+01,5.916095938947465993e-02,7.869678735733032227e-02
7.900000000000000000e+01,5.870022613141271522e-02,7.824881374835968018e-02
8.000000000000000000e+01,5.852125048637390331e-02,7.933325320482254028e-02
8.100000000000000000e+01,5.963638799058066514e-02,7.986554503440856934e-02
8.200000000000000000e+01,5.888244685199525708e-02,7.790777087211608887e-02
8.300000000000000000e+01,5.839883312582969804e-02,8.009297400712966919e-02
8.400000000000000000e+01,5.879382987817128453e-02,7.890456914901733398e-02
8.500000000000000000e+01,5.853515161408318068e-02,7.853802293539047241e-02
8.600000000000000000e+01,5.817807131343417926e-02,7.888077944517135620e-02
8.700000000000000000e+01,5.789884221222665883e-02,7.810284942388534546e-02
8.800000000000000000e+01,5.788714572787284629e-02,7.724200934171676636e-02
8.900000000000000000e+01,5.825872192780176539e-02,7.876867800951004028e-02
9.000000000000000000e+01,5.805884139405356748e-02,7.911399751901626587e-02
